Waktu,Tipe,Harga,IDR,ETH
7-Dec-22 04:53,beli,19658000,11056,0.00056243
7-Dec-22 04:53,beli,19658000,524644,0.02668861
